{
    "head": "Music",
    "txt": [
        "<iframe src=\"https://youtube.com/embed/3jEmfKFcVc0?si=XnkF3_Dbe7rBV69s\" style=\"width: 100%; height: calc(100% - 40px); pointer-events: none;\" frameborder=\"0\" allowfullscreen=\"\"></iframe>",
        "<iframe src=\"https://youtube.com/embed/tgigGMRR5zk?si=e-aVzp3S_F9qvwEv\" style=\"width: 100%; height: calc(100% - 40px); pointer-events: none;\" frameborder=\"0\" allowfullscreen=\"\"></iframe>",
        "<iframe src=\"https://youtube.com/embed/45mjElHtgx0?si=VFkzhLEC25rO-k-7\" style=\"width: 100%; height: calc(100% - 40px); pointer-events: none;\" frameborder=\"0\" allowfullscreen=\"\"></iframe>",
        "<iframe src=\"https://youtube.com/embed/aBkTkxKDduc?si=CUu28DPPqIwh-tn8\" style=\"width: 100%; height: calc(100% - 40px); pointer-events: none;\" frameborder=\"0\" allowfullscreen=\"\"></iframe>",
        "<iframe src=\"https://youtube.com/embed/JuQu951WCBU?si=nXWMLvqFGqxOYHH1\" style=\"width: 100%; height: calc(100% - 40px); pointer-events: none;\" frameborder=\"0\" allowfullscreen=\"\"></iframe>",
        "<iframe src=\"https://youtube.com/embed/K2YsCZxjinc?si=5FQYG4EAGAN9B4K9\" style=\"width: 100%; height: calc(100% - 40px); pointer-events: none;\" frameborder=\"0\" allowfullscreen=\"\"></iframe>",
        "<iframe src=\"https://youtube.com/embed/1DxLXL-_cL8?si=BTsZoF1C3ZlAPheo\" style=\"width: 100%; height: calc(100% - 40px); pointer-events: none;\" frameborder=\"0\"></iframe>",
        "<iframe src=\"https://youtube.com/embed/c3F8vBKCZOM?si=iXSU2H0SEWxAHdlN\" style=\"width: 100%; height: calc(100% - 40px); pointer-events: none;\" frameborder=\"0\" allowfullscreen=\"\"></iframe>",
        "<iframe src=\"https://youtube.com/embed/Y1Z3Q3O7IRE?si=xJGy-xHcjWUPhwck\" style=\"width: 100%; height: calc(100% - 40px); pointer-events: none;\" frameborder=\"0\" allowfullscreen=\"\"></iframe>",
        "<iframe src=\"https://youtube.com/embed/2XkWj3_GsbA?si=J0hMce3bbL3AsgI3\" style=\"width: 100%; height: calc(100% - 40px); pointer-events: none;\" frameborder=\"0\" allowfullscreen=\"\"></iframe>"
    ],
    "line": [
        [
            0,
            0
        ],
        [
            1,
            0
        ],
        [
            2,
            0
        ],
        [
            3,
            0
        ],
        [
            4,
            0
        ],
        [
            5,
            0
        ],
        [
            6,
            0
        ],
        [
            7,
            0
        ],
        [
            8,
            0
        ],
        [
            9,
            0
        ]
    ],
    "c": [],
    "cl": []
}